,timestamp,desired_vel,quat_1,quat_2,quat_3,quat_4,pos_x,pos_y,pos_z,vel_x,vel_y,vel_z,velcmd_x,velcmd_y,velcmd_z,ct_cmd,br_cmd_x,br_cmd_y,br_cmd_z,is_collide
0,1735110159.768,5.0,0.918021,-1.1607917e-16,0.39653176,1.7354395e-17,2.4464083,-2.3808635e-16,3.4770966,3.7401805,-6.153268e-17,-0.53153497,4.735003709793091,0.0,-1.212678125181665,6.5032813169468975,9.876704318757985e-16,-0.48803668666031247,8.181764457874101e-17,False
1,1735110159.928,5.0,0.8907274,-1.04189354e-16,0.4545379,4.9957755e-18,2.5996983,-2.394812e-16,3.4511266,3.929964,-9.111288e-18,-0.7691518,4.85071250072666,0.0,-1.212678125181665,7.2183269443849705,1.1106948738285538e-15,-2.6972965412647545,7.079111341687474e-17,False
2,1735110159.968,5.0,0.90077215,-3.6494805e-17,0.43429196,-2.9664583e-17,2.9321146,-2.3715663e-16,3.3707252,4.394397,5.5144214e-17,-1.2251831,4.85071250072666,0.0,-1.212678125181665,8.923987946335362,1.4684282884249465e-16,-3.844567137425953,1.0761850671146151e-16,False
3,1735110160.008,5.0,0.90077215,-3.6494805e-17,0.43429196,-2.9664583e-17,2.9321146,-2.3715663e-16,3.3707252,4.394397,5.5144214e-17,-1.2251831,4.85071250072666,0.0,-1.212678125181665,8.923987946335362,1.4684282884249465e-16,-3.844567137425953,1.0761850671146151e-16,False
4,1735110160.048,5.0,0.9303257,-6.827437e-18,0.3667344,-4.265738e-17,3.1128166,-2.3483316e-16,3.3181765,4.6388516,5.783309e-17,-1.3927978,4.85071250072666,0.0,-1.212678125181665,9.391368401756885,-3.8840818761256485e-16,-3.525646848261885,1.3043902381895328e-16,False
5,1735110160.088,5.0,0.95840937,8.4261655e-18,0.28539696,-4.847357e-17,3.3028996,-2.3273882e-16,3.2600691,4.8594885,4.5241552e-17,-1.5032841,4.85071250072666,0.0,-1.212678125181665,9.768193732875455,-7.068967128774243e-16,-2.7011848807347736,1.4621325351420074e-16,False
6,1735110160.128,5.0,0.9781089,-6.26943e-18,0.2080938,-4.333792e-17,3.5010228,-2.3121048e-16,3.1985838,5.0391045,3.3623046e-17,-1.5638556,4.85071250072666,0.0,-1.212678125181665,10.033352303016418,-4.4208646383550024e-16,-1.7537061539882992,1.3790832709810587e-16,False
7,1735110160.168,5.0,0.98922694,-3.153141e-17,0.14638999,-3.4865077e-17,3.705433,-2.2975573e-16,3.135439,5.1744094,4.2944226e-17,-1.5886678,4.85071250072666,0.0,-1.212678125181665,10.203854287844084,1.019095069072844e-16,-0.9479402778027558,1.1807334967033602e-16,False
8,1735110160.208,5.0,0.9944819,-5.475062e-17,0.10490789,-2.6977204e-17,3.9144855,-2.274758e-16,3.071777,5.2731333,7.4629763e-17,-1.5917579,4.905114715879726,-0.3065696697424829,-0.9197090092274487,10.312298641362464,6.779181492227544e-16,-0.42060367596781,9.544641712777796e-17,False
9,1735110160.248,5.0,0.9966388,-5.7927266e-17,0.08192156,-2.4423894e-17,4.126965,-2.2358763e-16,3.0082557,5.3479304,1.2042972e-16,-1.582836,4.905114715879726,-0.3065696697424829,-0.9197090092274487,10.38034919426856,9.043814844699938e-16,-0.18583075748454692,8.486763422080236e-17,False
10,1735110160.288,5.0,0.9973761,-4.0854053e-17,0.07239407,-2.6997071e-17,4.342161,-2.1793582e-16,2.945237,5.4106936,1.598131e-16,-1.5673257,4.905114715879726,-0.3065696697424829,-0.9197090092274487,10.445555418520474,6.993518085743353e-16,-0.009399667789232735,9.044934519068072e-17,False
11,1735110160.328,5.0,0.9975142,-1.8282655e-17,0.07046567,-2.9761558e-17,4.5597706,-2.1100362e-16,2.8829193,5.4695797,1.8376365e-16,-1.548085,4.905114715879726,-0.3065696697424829,-0.9197090092274487,10.486862182223826,3.4935233377989134e-16,0.024961145573064173,9.496947660040366e-17,False
12,1735110160.368,5.0,0.997429,1.2166301e-17,0.071661755,-3.2155978e-17,4.77974,-2.035547e-16,2.82147,5.529776,1.8432619e-16,-1.5194242,4.91436093467161,0.0,-0.9214426752509268,12.048833826665032,-2.1976524095431508e-16,-0.18381560303075015,9.636225693167165e-17,False
13,1735110160.408,5.0,0.9973828,4.389415e-17,0.072301894,-3.4432753e-17,5.0022426,-1.966363e-16,2.76188,5.5960484,1.5644929e-16,-1.4560536,4.91436093467161,0.0,-0.9214426752509268,11.946698814945364,-8.958566529181242e-16,-0.1878916515547724,9.7371136671411e-17,False
14,1735110160.448,5.0,0.9975062,7.10704e-17,0.070579246,-3.5787384e-17,5.227442,-1.9144095e-16,2.7051547,5.6637325,9.8995824e-17,-1.3795211,4.91436093467161,0.0,-0.9214426752509268,11.759207263712296,-1.5688854210266364e-15,-0.134421386799197,9.548582671944718e-17,False
15,1735110160.488,5.0,0.9977368,9.196928e-17,0.06724031,-3.6588806e-17,5.455305,-1.8901804e-16,2.6515086,5.7288113,1.8855527e-17,-1.3034303,4.951875684721384,-0.3094922302950865,-0.618984460590173,11.547185160565215,-2.193727364293644e-15,-0.044244430231202274,9.292241360565502e-17,False
16,1735110160.528,5.0,0.99795085,7.5256376e-17,0.06398545,-3.4069224e-17,5.6856923,-1.900072e-16,2.6008065,5.7898955,-6.547948e-17,-1.2327117,4.91436093467161,0.0,-0.9214426752509268,11.3336580247216,-2.1079533125726494e-15,0.045876094073276634,8.72324868704236e-17,False
17,1735110160.568,5.0,0.9980666,1.9022972e-17,0.06215385,-2.7244141e-17,5.918452,-1.9373866e-16,2.5528004,5.8478556,-1.1230774e-16,-1.1671097,4.9613893835683385,0.0,-0.6201736729460423,12.745124276671914,-1.0371503931339298e-15,-0.06343918778691475,7.479610182233278e-17,False
18,1735110160.608,5.0,0.9981007,-3.970564e-17,0.0616037,-1.9950605e-17,6.15356,-1.9822216e-16,2.5078588,5.9079933,-1.0205225e-16,-1.0758495,4.9613893835683385,0.0,-0.6201736729460423,12.484948787128117,1.3913488802092157e-16,-0.028278630501004938,5.994287867227525e-17,False
19,1735110160.688,5.0,0.9981996,-5.6745675e-17,0.05998016,-1.5719539e-17,6.6312065,-2.0193029e-16,2.4310234,6.0352635,1.6807011e-17,-0.8235722,5.0,0.0,0.0,14.995283315478948,8.339147179927323e-16,-0.19759433903199883,4.444821874995134e-17,False
20,1735110160.728,5.0,0.9983503,-3.4251382e-17,0.05741603,-1.4677804e-17,6.8739696,-2.0010039e-16,2.401591,6.1028733,7.0844525e-17,-0.6439765,5.0,0.0,0.0,14.378458594810828,4.971737138507276e-16,-0.11998490977865345,3.631774633167178e-17,False
21,1735110160.768,5.0,0.99854195,1.0432415e-17,0.05398148,-1.7645592e-17,7.1193933,-1.9682526e-16,2.3795555,6.167444,8.405315e-17,-0.45956513,5.0,0.0,0.0,13.653069524181463,-3.620419820530583e-16,-0.1639612107101837,3.9183600667932407e-17,False
22,1735110160.808,5.0,0.9987186,3.80214e-17,0.050607078,-1.7380749e-17,7.367286,-1.9397575e-16,2.3645864,6.2261934,5.3576895e-17,-0.29237258,5.0,0.0,0.0,12.947356246671836,-9.848190086987716e-16,-0.23196889186996164,3.3821207713591096e-17,False
23,1735110160.848,5.0,0.99888754,5.5322964e-17,0.047155377,-1.5966866e-17,7.617405,-1.9281184e-16,2.3558273,6.278694,1.8572666e-18,-0.15010026,5.0,0.0,0.0,12.306267464557031,-1.4612574355842593e-15,-0.326383049430463,2.662222521488467e-17,False
24,1735110160.888,5.0,0.9990827,5.876104e-17,0.04282245,-1.5707e-17,7.8694954,-1.9391942e-16,2.3522277,6.3247,-5.724892e-17,-0.034072686,5.0,0.0,0.0,11.750311927082265,-1.6996219832348938e-15,-0.43254204933495133,2.629294367542486e-17,False
25,1735110160.928,5.0,0.9993218,6.260207e-17,0.036822684,-1.6232606e-17,8.123286,-1.9741854e-16,2.3527892,6.3636045,-1.1805412e-16,0.058723856,5.0,0.0,0.0,11.272886990035813,-1.9734781403942165e-15,-0.5334697230036268,2.9227799445307565e-17,False
26,1735110160.978,5.0,0.9996514,5.596595e-17,0.026403954,-1.6616121e-17,8.44245,-2.0511677e-16,2.358044,6.400599,-1.8800226e-16,0.14667186,5.0,0.0,0.0,10.780782061469592,-2.0969187174634675e-15,-0.636872991856356,3.2102456631528135e-17,False
27,1735110161.048,5.0,0.9999787,3.3724805e-17,0.006523557,-1.6453226e-17,8.891593,-2.2107102e-16,2.3713655,6.42671,-2.6221482e-16,0.22609927,5.0,0.0,0.0,10.26858775553659,-1.9927581045886264e-15,-0.7282097168671177,3.083921729948784e-17,False
28,1735110161.088,5.0,0.99997526,-2.1351788e-17,-0.007036618,-1.5284614e-17,9.148697,-2.3185904e-16,2.3809829,6.4266095,-2.692166e-16,0.25287476,5.0,0.0,0.0,10.061189729239517,-9.985585085855476e-16,-0.7540815741340233,1.717410740630901e-17,False
29,1735110161.138,5.0,0.99967813,-7.775869e-17,-0.025370952,-1.5447777e-17,9.469694,-2.4419597e-16,2.3941698,6.4102163,-2.1475313e-16,0.27236304,5.0,0.0,0.0,9.872374240816551,2.1460967863040066e-16,-0.7663356085625243,2.364309211112316e-18,False
30,1735110161.168,5.0,0.99932355,-8.5296866e-17,-0.036775704,-1.5349347e-17,9.661737,-2.498975e-16,2.4024374,6.3915625,-1.6474252e-16,0.27814683,5.0,0.0,0.0,9.79119342575306,4.852116261012925e-16,-0.7655493947987259,-2.854855220283356e-18,False
31,1735110161.208,5.0,0.9986387,-8.390824e-17,-0.052160975,-1.361703e-17,9.916736,-2.551114e-16,2.4136212,6.356428,-9.626558e-17,0.2799795,5.0,0.0,0.0,9.717090232727697,6.323922079741794e-16,-0.7559560190347382,-1.2807705015635857e-17,False
32,1735110161.248,5.0,0.99771714,-7.2233924e-17,-0.06753113,-1.1076558e-17,10.170096,-2.5768087e-16,2.4247613,6.3096776,-3.3731122e-17,0.27621025,5.0,0.0,0.0,9.678230283745688,5.739577044949545e-16,-0.7362739615962395,-2.1251262628329187e-17,False
33,1735110161.288,5.0,0.9965753,-3.883479e-17,-0.08269035,-9.8177645e-18,10.421357,-2.5803967e-16,2.4356618,6.2514424,1.1434984e-17,0.26821983,5.0,0.0,0.0,9.66773084516135,5.2803249110097886e-17,-0.7063142356524799,-1.3052890678106066e-17,False
34,1735110161.338,5.0,0.99487865,1.5049296e-17,-0.101076394,-9.025917e-18,10.731786,-2.569481e-16,2.4487305,6.1627936,2.3552246e-17,0.253821,5.0,0.0,0.0,9.686432515953403,-9.686912587435005e-16,-0.654385880073227,1.0989479695223208e-17,False
35,1735110161.408,5.0,0.9921452,5.6241234e-17,-0.12509173,-8.0890455e-18,11.158028,-2.5677862e-16,2.4656243,6.010139,-2.7750164e-17,0.22799578,5.0,0.0,0.0,9.756511427449427,-1.937781025205257e-15,-0.5583678096632014,3.3619851119218245e-17,False
36,1735110161.448,5.0,0.9904944,6.5133975e-17,-0.1375533,-1.0152937e-17,11.396439,-2.587846e-16,2.4744139,5.908775,-7.3661764e-17,0.21133125,5.0,0.0,0.0,9.811912688181621,-2.2493690683011102e-15,-0.49475753653839993,4.9558349360198553e-17,False
37,1735110161.488,5.0,0.9888576,6.466804e-17,-0.1488644,-1.2311061e-17,11.630602,-2.6274176e-16,2.482522,5.7978716,-1.2412945e-16,0.19395897,5.0,0.0,0.0,9.873311426386373,-2.4020170560422723e-15,-0.427969435423175,5.985856758537249e-17,False
38,1735110161.528,5.0,0.9872945,4.5980843e-17,-0.15890115,-1.471282e-17,11.860151,-2.685924e-16,2.4899266,5.678208,-1.6592669e-16,0.17625493,5.0,0.0,0.0,9.937391106769727,-2.1749525448988115e-15,-0.3597518140845585,5.816326567820287e-17,False
39,1735110161.568,5.0,0.98585963,-9.130977e-19,-0.16757324,-2.0952751e-17,12.084754,-2.757132e-16,2.4966223,5.5506773,-1.8377461e-16,0.15853372,5.0,0.0,0.0,10.000970173881141,-1.3205168079109608e-15,-0.29143335732774556,5.024735513926724e-17,False
40,1735110161.608,5.0,0.98458993,-7.2215653e-17,-0.1748791,-2.91796e-17,12.304113,-2.8262996e-16,2.5026128,5.4162493,-1.5237927e-16,0.14104939,5.0,0.0,0.0,9.97246016093055,1.568006132508727e-16,0.011679884747827218,3.721329365001154e-17,False
41,1735110161.688,5.0,0.98346275,-1.2872998e-16,-0.18111035,-3.3521752e-17,12.7262125,-2.878381e-16,2.512391,5.1349287,3.6127057e-17,0.10175528,5.0,0.0,0.0,9.838868848623106,1.8109338179781792e-15,0.8756157193112346,4.0836183696936246e-17,False
42,1735110161.738,5.0,0.98514926,-9.4836244e-17,-0.17170002,-3.0328796e-17,12.978606,-2.8290601e-16,2.5167832,4.962458,1.5560951e-16,0.07400242,4.990262892414442,0.31189143077590264,0.0,9.806005570465087,1.510198989276463e-15,1.2089512655700034,5.476007890775262e-17,False
43,1735110161.808,5.0,0.99037915,-0.0037878032,-0.13832778,-0.00050587073,13.318245,1.1768706e-05,2.520815,4.747232,0.0011150464,0.049427617,4.990262892414442,0.31189143077590264,0.0,11.44714193916351,0.036258309724165036,1.4454632385938702,0.0015887276769464068,False
44,1735110161.848,5.0,0.99369246,-0.0106551815,-0.11162296,-0.0014566845,13.505912,0.00016371926,2.5232978,4.638882,0.007563968,0.07962488,4.990262892414442,0.31189143077590264,0.0,11.337336314802775,0.19098752018167398,1.2417061897648405,0.003982706710276758,False
45,1735110161.888,5.0,0.99646014,-0.014291775,-0.08281498,-0.0021401609,13.689648,0.0006885109,2.5274184,4.5520167,0.01924478,0.12785916,4.990262892414442,0.31189143077590264,0.0,11.147471287266432,0.298276543840101,0.9535238776432111,0.00642831244638425,False
46,1735110161.928,5.0,0.9983352,-0.012871957,-0.056175362,-0.002345107,13.870411,0.0017156857,2.533562,4.4904084,0.03182347,0.17739369,4.990262892414442,0.0,0.31189143077590264,9.29568909366999,-0.7552203462002665,0.571944304636861,0.013817400769061516,False
47,1735110161.968,5.0,0.99931014,-0.011737252,-0.035156295,-0.0023420188,14.049222,0.003190779,2.5410576,4.4532304,0.041724183,0.19588299,4.990262892414442,0.31189143077590264,0.0,10.785131656666374,0.26409940200794546,0.32772533370936596,0.008389727619000427,False
48,1735110162.018,5.0,0.9997379,-0.012914594,-0.018764077,-0.0022838714,14.27113,0.0055982065,2.5516775,4.426062,0.054671813,0.22548681,4.990262892414442,0.31189143077590264,0.0,8.988508551189751,-0.7782023667701823,0.07071829744719288,0.009128947700496982,False
49,1735110162.088,5.0,0.99963,-0.024785891,-0.010980971,-0.0022409002,14.580253,0.010137705,2.566773,4.4078426,0.07762854,0.20232788,4.990262892414442,0.0,0.31189143077590264,10.619035260740352,0.5390410179745296,0.15450314035926624,0.008571099266854964,False
50,1735110162.128,5.0,0.99943286,-0.03204532,-0.010117259,-0.0021699625,14.756396,0.013690319,2.575028,4.3993835,0.10121643,0.21418536,4.990262892414442,0.0,0.31189143077590264,10.589687050439204,0.7697122299711217,0.24864879652567887,0.00865159751668891,False
51,1735110162.168,5.0,0.99953675,-0.029152757,-0.008505487,-0.002018684,14.932211,0.018272836,2.5840697,4.391577,0.12745221,0.2370234,5.0,0.0,0.0,8.810941093107353,0.8572330114382694,0.36389309259000263,0.008202847324038115,False
52,1735110162.208,5.0,0.9998492,-0.016624302,-0.0046718363,-0.001849102,15.107759,0.023769377,2.5934463,4.3863945,0.14548814,0.22594848,5.0,0.0,0.0,8.787467551633089,0.7009758456859222,0.4270159129181908,0.006929511977028387,False
53,1735110162.248,5.0,0.99999684,0.00064279843,0.0017429978,-0.0017076122,15.283175,0.029749118,2.6018772,4.385196,0.15138152,0.1939527,5.0,0.0,0.0,8.8740581741327,0.4060174158501508,0.43402480632112705,0.004949624092352872,False
54,1735110162.298,5.0,0.99971896,0.020237066,0.012247986,-0.0015614557,15.502548,0.037147503,2.6104324,4.391271,0.14162648,0.14820272,5.0,0.0,0.0,9.027411596963054,0.014861803422513602,0.38547272854346715,0.002071477627251546,False
55,1735110162.368,5.0,0.99909884,0.032297634,0.027508685,-0.0012656245,15.810703,0.045917384,2.618703,4.4164524,0.1062859,0.0900228,5.0,0.0,0.0,9.248652468604307,-0.3059081326540555,0.29120677116947424,-0.0013703364131536818,False
56,1735110162.408,5.0,0.99892676,0.030382719,0.034946572,-0.0009841772,15.987801,0.04969931,2.6217406,4.439367,0.08299624,0.0626489,5.0,0.0,0.0,9.363282118121514,-0.3271257267898561,0.25452629417498934,-0.00257723327694626,False
57,1735110162.448,5.0,0.9988543,0.024422284,0.041149482,-0.00063124,16.165924,0.052595254,2.6237733,4.4676275,0.0625014,0.03975118,5.0,0.0,0.0,9.466651686191497,-0.26117997719057484,0.2357851418501543,-0.003185926650433952,False
58,1735110162.488,5.0,0.9987772,0.017134642,0.046372246,-0.0002649904,16.345272,0.05476553,2.6249802,4.5005045,0.046900686,0.021281835,5.0,0.0,0.0,9.556837457245573,-0.15500867611505312,0.22814821390889048,-0.0033289688730471527,False
59,1735110162.528,5.0,0.99863946,0.010785061,0.05101894,4.0825173e-05,16.526018,0.05641632,2.6255264,4.537442,0.036429524,0.006561122,5.0,0.0,0.0,9.62214156807258,-0.05292418046491495,0.11189522920710591,-0.0027870215059241483,False
60,1735110162.568,5.0,0.9984582,0.006594437,0.055115007,0.00023407595,16.708317,0.057733405,2.625544,4.5780554,0.029952306,-0.0052599185,5.0,0.0,0.0,9.676583364647655,0.01726501744324413,-0.011430900776277196,-0.0023569094216750555,False
61,1735110162.608,5.0,0.9983121,0.004775887,0.057879675,0.00029954978,16.892302,0.058842555,2.6251354,4.6216216,0.025733504,-0.014849404,5.0,0.0,0.0,9.72278823286159,0.04608020189470913,-0.12482316503650405,-0.002007205685484089,False
62,1735110162.688,5.0,0.9983668,0.005805136,0.05683364,0.00015515016,17.265644,0.060606938,2.6233647,4.711761,0.01806499,-0.028248701,5.0,0.0,0.0,9.793611572871091,0.010276261200600944,-0.25318462601651265,-0.0013267548992090994,False
63,1735110162.728,5.0,0.9985634,0.006942208,0.053131387,3.7044825e-05,17.454983,0.061232906,2.6221478,4.7547593,0.013079816,-0.032295182,5.0,0.0,0.0,9.819306377623272,-0.024993030139482324,-0.2591058077087607,-0.0009694248450506535,False
64,1735110162.768,5.0,0.99881214,0.007550812,0.048138727,-5.466293e-05,17.645979,0.06164335,2.6208029,4.7944517,0.0073590614,-0.03470137,5.0,0.0,0.0,9.838784594884288,-0.05298402691590403,-0.23648216677946596,-0.0006469219123087978,False
65,1735110162.808,5.0,0.9990599,0.0073751532,0.042718217,-0.00010385876,17.838484,0.061819036,2.6193898,4.8301096,0.0014459249,-0.0357514,5.0,0.0,0.0,9.853093420035318,-0.06695109384046359,-0.19974821429802003,-0.000389694913351106,False
66,1735110162.848,5.0,0.9992715,0.006487363,0.0376074,-0.000113707436,18.032333,0.061764665,2.6179578,4.861661,-0.0040491098,-0.035690993,5.0,0.0,0.0,9.862934123991726,-0.06641912384502702,-0.16288512243391265,-0.00020687344301951167,False
67,1735110162.888,5.0,0.9994336,0.00515869,0.033255976,-9.733238e-05,18.227367,0.061507046,2.6165457,4.8895183,-0.0086574815,-0.034796286,5.0,0.0,0.0,9.869138549972773,-0.05527519966898553,-0.13557716902702574,-9.226062770676118e-05,False
68,1735110162.928,5.0,0.99955046,0.0037238528,0.029748753,-7.034638e-05,18.423454,0.061086945,2.6151817,4.91431,-0.012158778,-0.03332456,5.0,0.0,0.0,9.872554188213561,-0.039345838708953,-0.12098186042946925,-2.922512682649904e-05,False
69,1735110162.968,5.0,0.9996344,0.0024599403,0.026927678,-4.4331402e-05,18.62048,0.060548797,2.613885,4.9366374,-0.014582086,-0.031467486,5.0,0.0,0.0,9.873836865996077,-0.0240925026229741,-0.11728418751684498,-5.349075861154509e-07,False
70,1735110163.008,5.0,0.99969816,0.0015233422,0.024521658,-2.5189323e-05,18.818357,0.059932068,2.6126676,4.956929,-0.016131075,-0.029371245,5.0,0.0,0.0,9.87349315758179,-0.013092830578658572,-0.1200092726513793,8.730680318653415e-06,False
71,1735110163.048,5.0,0.99975175,0.0009455286,0.022262182,-1.4192087e-05,19.01701,0.059266247,2.611537,4.975398,-0.017084073,-0.027141899,5.0,0.0,0.0,9.871939124115691,-0.007715074368314062,-0.12407013858936589,9.914037663505026e-06,False
72,1735110163.088,5.0,0.9998005,0.0006507476,0.019963358,-9.485175e-06,19.216366,0.0585698,2.610497,4.992076,-0.017699819,-0.02485224,5.0,0.0,0.0,9.86947955004989,-0.007156232386383263,-0.12547933380263818,9.654712225888238e-06,False
73,1735110163.128,5.0,0.99984574,0.0005125695,0.017556636,-8.07388e-06,19.416351,0.05785238,2.6095488,5.0068946,-0.018153142,-0.022556521,5.0,0.0,0.0,9.866351895705689,-0.009383106048312172,-0.12227754762769517,9.894294737044316e-06,False
74,1735110163.168,5.0,0.9998863,0.00041214164,0.01507363,-7.4253326e-06,19.616892,0.05711868,2.608692,5.019776,-0.018518914,-0.020296581,5.0,0.0,0.0,9.862760022287173,-0.012207456116549031,-0.11446069741334751,9.74729276197286e-06,False
75,1735110163.208,5.0,0.99992055,0.00027196071,0.012603868,-6.164295e-06,19.817907,0.056372073,2.6079242,5.0306926,-0.018793028,-0.018098429,5.0,0.0,0.0,9.858799243021659,-0.014041113587559143,-0.103346548792683,7.677253485220723e-06,False
76,1735110163.248,5.0,0.9999474,6.329797e-05,0.010253916,-3.9996708e-06,20.019321,0.055617064,2.6072428,5.039697,-0.018929882,-0.016001565,5.0,0.0,0.0,9.854680044488685,-0.014135079346723705,-0.09083100331199634,2.863160876245809e-06,False
77,1735110163.288,5.0,0.99996704,-0.00020289398,0.008117245,-1.2849741e-06,20.22106,0.054860212,2.6066425,5.046924,-0.01887764,-0.01403054,5.0,0.0,0.0,9.850527529588614,-0.012510054853618039,-0.07882228961058249,-4.530030602130087e-06,False
78,1735110163.328,5.0,0.9999804,-0.00049057015,0.006239319,1.4274532e-06,20.423054,0.054109816,2.6061184,5.0525656,-0.018604372,-0.012194678,5.0,0.0,0.0,9.846406779265264,-0.009742122888521677,-0.06847732079788402,-1.3574798453080143e-05,False
79,1735110163.368,5.0,0.9999891,-0.0007594743,0.004614378,3.7321997e-06,20.625246,0.05337483,2.605665,5.0568256,-0.018109446,-0.010502042,4.91436093467161,-0.9214426752509268,0.0,9.842369587964383,-0.006586808071026551,-0.06001161603870573,-2.3094556870329244e-05,False
80,1735110163.408,5.0,0.9999945,-0.0008493387,0.003197874,5.747989e-06,20.827585,0.05266364,2.6052778,5.0598965,-0.017426452,-0.008501857,4.91436093467161,0.0,-0.9214426752509268,10.267302991906108,2.8969703755313527,-0.32102259319888016,0.009577040099669674,False
81,1735110163.448,5.0,0.9999466,0.010295705,0.0009130327,3.785205e-05,21.030022,0.051950857,2.60498,5.061626,-0.019518597,-0.017031437,4.91436093467161,-0.9214426752509268,0.0,6.609728380743171,1.5351143298412993,-0.2883435505779139,0.005503658652279107,False
82,1735110163.488,5.0,0.99922985,0.03907735,-0.003550288,9.2531045e-05,21.232483,0.0509363,2.6027296,5.0610147,-0.033421714,-0.10932314,4.84182026135042,0.30261376633440124,-1.210455065337605,3.657761883346508,-2.9777450723509427,-1.455704858426992,-0.02112223540479988,False
83,1735110163.528,5.0,0.998562,0.051270675,-0.015656779,-0.00036877673,21.434872,0.049220584,2.594595,5.0578065,-0.05220476,-0.30798322,4.84182026135042,0.30261376633440124,-1.210455065337605,4.299189347392313,-3.187759667122782,-1.078372201209769,-0.007960422035461174,False
84,1735110163.568,5.0,0.9990975,0.018876974,-0.037981078,-0.002297383,21.63703,0.046832085,2.5778387,5.0487556,-0.065379165,-0.52915657,4.84182026135042,0.30261376633440124,-1.210455065337605,5.109945208331936,-2.4254660820861313,-0.45334333631419366,0.004522649284634576,False
85,1735110163.608,5.0,0.9972297,-0.041694768,-0.061382346,-0.0051699267,21.838642,0.04422094,2.5524523,5.0301514,-0.061313532,-0.7369467,4.772399890175149,0.0,-1.491374965679734,5.915935817949616,-1.0487410689786947,0.20709481426041426,0.01630223729020411,False
86,1735110163.688,5.0,0.9868501,-0.13978875,-0.08049604,-0.010314227,22.238657,0.042114314,2.4786515,4.9656835,0.02564265,-1.0972993,4.681645887845223,0.0,-1.7556172079419585,5.903859752586757,1.155218418642884,0.399375110284093,0.013590374723731488,False
87,1735110163.728,5.0,0.98544556,-0.15140648,-0.0764064,-0.011626717,22.43658,0.044468913,2.431243,4.9313602,0.09190746,-1.276698,4.681645887845223,0.0,-1.7556172079419585,5.192954275820763,3.296001635497988,-0.2121801000962215,-0.006338518873605664,False
88,1735110163.768,5.0,0.98915285,-0.12699732,-0.07307323,-0.010423249,22.633217,0.049385764,2.3763773,4.89938,0.15452053,-1.4578066,4.815434123430768,0.601929265428846,-1.203858530857692,9.046200126105918,0.7802050042158907,0.9667771229612919,0.04630166632043387,False
89,1735110163.808,5.0,0.9941986,-0.082559615,-0.06853049,-0.0075217783,22.828384,0.056850314,2.3157632,4.858173,0.21616471,-1.5639517,4.763930673403309,0.29774566708770683,-1.4887283354385341,6.577900398205302,2.3496986306384904,0.24273847003957943,0.009640783658565046,False
90,1735110163.848,5.0,0.9974834,-0.037656967,-0.059903048,-0.004521655,23.02196,0.06628181,2.251033,4.8214912,0.25090623,-1.6728898,4.815434123430768,0.601929265428846,-1.203858530857692,10.099952542688461,-0.5613764075250617,0.9448966763049376,0.028792294948315183,False
91,1735110163.888,5.0,0.99878854,-0.0020614986,-0.049114294,-0.0022267066,23.214071,0.07663382,2.1828675,4.783981,0.26303238,-1.7233162,4.681645887845223,0.0,-1.7556172079419585,10.550588956773948,-1.2474317257263277,0.8513144776957745,0.019981333121301004,False
92,1735110163.928,5.0,0.9993916,0.0066428003,-0.034213413,-0.0013114583,23.40474,0.087104015,2.1138418,4.750968,0.2592941,-1.7224253,4.815434123430768,0.601929265428846,-1.203858530857692,10.757212605160014,-1.4749641886568352,0.6616023145314287,0.014284969317919904,False
93,1735110163.968,5.0,0.9997945,-0.010446727,-0.017316975,-0.0014004869,23.594305,0.09743198,2.045384,4.729497,0.2595119,-1.6978785,4.815434123430768,0.601929265428846,-1.203858530857692,10.843203219483977,-1.1916001750646947,0.40079291861656513,0.011435032872522517,False
94,1735110164.008,5.0,0.9991883,-0.04016971,-0.00241222,-0.0018341598,23.783281,0.10814834,1.978039,4.721579,0.27992764,-1.6786116,4.763930673403309,0.29774566708770683,-1.4887283354385341,7.838521357631985,1.3263357413694832,-0.3603206507055851,0.005938455750243689,False
95,1735110164.048,5.0,0.99834794,-0.05724507,0.0045014187,-0.0020410125,23.972158,0.120052464,1.9104019,4.7232533,0.31968796,-1.6826838,4.877686086797539,0.6097107608496923,0.04392194747924805,17.995361097323936,-0.6974839484820364,0.003540034703459283,0.009446686036035152,False
96,1735110164.088,5.0,0.9982309,-0.05931295,0.0036868295,-0.0018696729,24.161194,0.13413756,1.8462803,4.728584,0.38796833,-1.497511,4.85071250072666,1.212678125181665,0.17919611930847168,18.1176695379829,0.44126116699165935,0.17007877237153143,0.011652512531647197,False
97,1735110164.128,5.0,0.9983542,-0.057315513,0.0012017423,-0.0015335274,24.350414,0.15124191,1.7919027,4.73189,0.4678369,-1.2126213,4.990262892414442,0.31189143077590264,0.30743932723999023,17.932625081021136,1.6071172286124602,0.310544224473007,0.008531430457640802,False
98,1735110164.168,5.0,0.99891305,-0.046567988,0.0015570937,-0.001324426,24.539719,0.17151137,1.7496835,4.7334776,0.5433642,-0.8956631,5.0,0.0,0.4161946773529053,17.50967542596185,1.593744137075131,0.40669937333759754,0.006680014938335174,False
99,1735110164.208,5.0,0.9997213,-0.022753263,0.006138801,-0.0013780689,24.72914,0.19438022,1.7202926,4.738557,0.5942398,-0.5756384,5.0,0.0,0.5006330013275146,16.848844372846095,1.3060312006688313,0.355363658965283,0.004671033784580624,False
100,1735110164.248,5.0,0.9998719,0.008296941,0.013593298,-0.0016068065,24.918919,0.21850497,1.7033932,4.75206,0.6047043,-0.27343512,5.0,0.0,0.5594148635864258,16.039775136958276,0.8247697735674202,0.23691841698669805,0.003248289020676313,False
101,1735110164.288,5.0,0.99906236,0.037620455,0.021346414,-0.0018608815,25.109436,0.24219699,1.6980233,4.7753386,0.5736035,-0.0005851202,5.0,0.0,0.5932135581970215,15.139797764207534,0.3122270501470671,0.09592292178548967,0.0024961731685449913,False
102,1735110164.328,5.0,0.9978914,0.058834177,0.027331874,-0.0020415445,25.301048,0.2639774,1.7028924,4.806278,0.51150846,0.2377278,5.0,0.0,0.6039533615112305,14.188135832886289,-0.09904319609900458,-0.026720804174598083,0.002332141472850323,False
103,1735110164.368,5.0,0.99713147,0.06925066,0.030474676,-0.0021075557,25.493984,0.28291753,1.716486,4.840744,0.43430904,0.43502638,5.0,0.0,0.5752780437469482,13.244831078472808,-0.33800760311946687,-0.10596313994784096,0.002552827086721607,False
104,1735110164.408,5.0,0.99710625,0.069519565,0.03068946,-0.0020615202,25.688301,0.2987139,1.7371775,4.8748174,0.3563012,0.5936588,5.0,0.0,0.5670280456542969,12.365756901677898,-0.39705033579768634,-0.1354509614951386,0.0029283519891955315,False
105,1735110164.448,5.0,0.9975861,0.06315043,0.028814038,-0.0019430491,25.883926,0.31153888,1.7635051,4.9056997,0.28696328,0.7161334,5.0,0.0,0.5256450176239014,11.439995935215274,-0.3162232525738402,-0.12163665935042443,0.0031750418929165913,False
106,1735110164.488,5.0,0.9981793,0.054393746,0.026001764,-0.0018050065,26.080694,0.32184458,1.7939547,4.9319196,0.23047502,0.80021316,5.0,0.0,0.4729897975921631,10.633142014156633,-0.17968843315162591,-0.08957107480233058,0.0033502053939840266,False
107,1735110164.528,5.0,0.9986373,0.046689603,0.023255007,-0.0016880577,26.278421,0.33013362,1.827064,4.953688,0.18569368,0.8497288,5.0,0.0,0.412090539932251,9.90855565693134,-0.051846487639387165,-0.05730753843700058,0.0034534868458459145,False
108,1735110164.568,5.0,0.99889755,0.04187302,0.02116089,-0.0016078666,26.476944,0.33681148,1.8615324,4.9719563,0.14923032,0.8696099,5.0,0.0,0.3458719253540039,9.268285107863779,0.02473908026399602,-0.0381099503492067,0.00354076828260869,False
109,1735110164.608,5.0,0.99899876,0.040078398,0.019818185,-0.001558513,26.676144,0.34213766,1.8962722,4.9877386,0.11763313,0.86344177,5.0,0.0,0.2769351005554199,8.713024195265888,0.03814192658405915,-0.03644584882459709,0.003661583897108916,False
110,1735110164.688,5.0,0.99896145,0.041638553,0.018439787,-0.0015001147,27.076263,0.3492397,1.962523,5.0144353,0.060639836,0.7789855,5.0,0.0,0.1562178134918213,8.00195124189867,-0.0871823453407124,-0.07816924590086603,0.0041680301831546205,False
111,1735110164.728,5.0,0.99896187,0.04195909,0.017678173,-0.0014609355,27.27708,0.35111424,1.9923774,5.0261636,0.033275206,0.7108424,4.990262892414442,0.0,0.07495403289794922,7.656811802388435,-1.4591501953715909,-0.1447558271148682,0.003193697276158661,False
112,1735110164.768,5.0,0.99931943,0.033114973,0.016198684,-0.0012941519,27.478342,0.35194296,2.0191996,5.0367227,0.009186187,0.6289225,4.990262892414442,0.0,0.015245199203491211,7.5027144670834005,-0.142197773006881,-0.16214037349458846,0.004951142061250222,False
113,1735110164.808,5.0,0.9997688,0.016478295,0.013777497,-0.0010223807,27.679998,0.35197404,2.0425801,5.0458407,-0.0058963187,0.5394963,4.990262892414442,0.31189143077590264,0.0,7.660787666724772,-1.1821386632442947,-0.1676397500288075,0.0023114513771660848,False
114,1735110164.848,5.0,0.999943,-0.00022688384,0.010646738,-0.000760363,27.881989,0.35160473,2.0624244,5.0534496,-0.010897422,0.4584581,4.990262892414442,0.0,0.31189143077590264,9.548104948977716,0.2828243038113826,-0.1611712649801715,0.003493626673944353,False
115,1735110164.888,5.0,0.99989736,-0.012398679,0.007157669,-0.0005551797,28.084257,0.35124013,2.07988,5.059741,-0.005812652,0.41988054,4.990262892414442,0.31189143077590264,0.0,9.67760939779352,0.5380680973200984,-0.1257537641860785,0.0026296389090479386,False
116,1735110164.928,5.0,0.9998999,-0.0136262905,0.0037808677,-0.00043949296,28.286737,0.3512132,2.0962954,5.0638094,0.0046215635,0.4011739,5.0,0.0,0.0,8.029816977741211,0.664466690213158,-0.049155282800379105,0.002024190123264919,False
117,1735110164.968,5.0,0.99998635,-0.005082969,0.0011249639,-0.0003859399,28.489328,0.3515592,2.1115155,5.0654626,0.011585053,0.35492417,5.0,0.0,0.0,8.11871590060449,0.519059308485204,-0.01809053849324487,0.0016251548993506193,False
118,1735110165.008,5.0,0.99996495,0.00835723,-0.00040219314,-0.00035590393,28.691956,0.3520331,2.1244874,5.06564,0.010620641,0.29278302,5.0,0.0,0.0,8.302246747358932,0.24075142811372632,-0.003959851116975127,0.0014609936384781632,False
119,1735110165.048,5.0,0.99978036,0.020934034,-0.00095995126,-0.00032401326,28.894571,0.35228896,2.1349387,5.0651445,0.0007609126,0.23038256,5.0,0.0,0.0,8.510563774107116,-0.05473476817151308,-0.006074209051757089,0.0014246234502374088,False
120,1735110165.088,5.0,0.9995935,0.028492084,-0.0009884237,-0.0002878511,29.097164,0.3519986,2.1429915,5.0644693,-0.016185103,0.1733778,5.0,0.0,0.0,8.714074497389882,-0.275829379875377,-0.01748367101103391,0.0014152050109298632,False
121,1735110165.128,5.0,0.99956334,0.029533891,-0.00093612395,-0.00025675687,29.29973,0.35094962,2.1489065,5.06381,-0.036455486,0.12365027,5.0,0.0,0.0,8.901997192384908,-0.37861654394539007,-0.03000329427445844,0.0013782982823818811,False
122,1735110165.168,5.0,0.9996869,0.024996309,-0.0010975733,-0.00023774408,29.502268,0.34909457,2.1529849,5.0631094,-0.055825565,0.081442066,5.0,0.0,0.0,9.070954170380123,-0.3672958052438935,-0.03762736747502625,0.0012985277601987152,False
123,1735110165.208,5.0,0.9998495,0.017275885,-0.0015626517,-0.00023038636,29.704775,0.34653974,2.1555207,5.0621715,-0.07104168,0.04656303,5.0,0.0,0.0,9.219336281537046,-0.2788549389014819,-0.03797469307136096,0.0011859270216425688,False
124,1735110165.248,5.0,0.9999566,0.0090301335,-0.0022655788,-0.00022956802,29.907236,0.34348783,2.1568007,5.060784,-0.0805753,0.018491073,5.0,0.0,0.0,9.346522882798638,-0.16170746573634007,-0.0317163555668657,0.0010633294337522943,False
125,1735110165.288,5.0,0.99999267,0.0023045277,-0.003051778,-0.00022882379,30.10963,0.34016737,2.1570773,5.0588145,-0.084625766,-0.0037696774,5.0,0.0,0.0,9.45485401874563,-0.057351366193560425,-0.021509468161818736,0.0009509040685105174,False
126,1735110165.338,5.0,0.9999891,-0.0025580397,-0.003908968,-0.00022081574,30.362492,0.33592817,2.156333,5.0555286,-0.08418216,-0.024938647,5.0,0.0,0.0,9.56785592587111,0.020087708682410117,-0.007985824542651915,0.0008366901837854491,False
127,1735110165.408,5.0,0.99998283,-0.0036709323,-0.004566114,-0.00019385385,30.716185,0.33019242,2.1538417,5.0497947,-0.07945344,-0.04437819,5.0,0.0,0.0,9.68986410068874,0.02841297140177944,0.005037571112152433,0.000714329026192755,False
128,1735110165.448,5.0,0.99998534,-0.0027868336,-0.004633463,-0.00017467224,30.918104,0.32706687,2.1519215,5.046236,-0.07693683,-0.051168524,5.0,0.0,0.0,9.742884787094859,0.0028364290292970775,0.008001694095652791,0.0006557322357603656,False
129,1735110165.488,5.0,0.9999879,-0.0018679709,-0.0045433864,-0.00015691746,31.119883,0.3240275,2.1497824,5.042668,-0.075150125,-0.055408765,5.0,0.0,0.0,9.7854188621354,-0.02542631470813674,0.008449884939162423,0.0006021907236491149,False
130,1735110165.528,5.0,0.9999894,-0.0014568608,-0.0043694316,-0.00014278966,31.32152,0.32104763,2.147516,5.039188,-0.07389553,-0.057603754,5.0,0.0,0.0,9.81898658198844,-0.04493705333792476,0.007558580238605563,0.0005535081405267379,False
131,1735110165.568,5.0,0.9999898,-0.0017212828,-0.0041754874,-0.00013272061,31.52302,0.31811517,2.1451957,5.0358415,-0.07269271,-0.058177296,5.0,0.0,0.0,9.845021505403452,-0.05084569052332175,0.006467870788539306,0.0005098898757284771,False
132,1735110165.608,5.0,0.9999888,-0.0025285145,-0.004000423,-0.0001258166,31.724388,0.31523818,2.1428785,5.032631,-0.0710492,-0.057499222,5.0,0.0,0.0,9.864765746976849,-0.044226516789567766,0.005939121410949433,0.0004714559679014007,False
133,1735110165.688,5.0,0.9999824,-0.0046085035,-0.0037321956,-0.000115871524,32.126755,0.30975792,2.1384192,5.0265455,-0.065398686,-0.053516544,5.0,0.0,0.0,9.889402352749942,-0.012943233013530222,0.007264038582086026,0.00040903280546693245,False
134,1735110165.728,5.0,0.999979,-0.0053767366,-0.0036127868,-0.000110765424,32.327755,0.3072193,2.136335,5.023643,-0.061430123,-0.05061934,5.0,0.0,0.0,9.895701443058208,0.0017709670310608577,0.008651773038337503,0.00038382883821376935,False
135,1735110165.768,5.0,0.9999773,-0.0057729753,-0.0034776733,-0.00010501467,32.528645,0.30484974,2.1343749,5.0208373,-0.056993615,-0.047326308,5.0,0.0,0.0,9.898749307982055,0.011301161534361623,0.009988285733934048,0.0003616995607442577,False
136,1735110165.808,5.0,0.9999776,-0.0058115604,-0.0033148567,-9.869153e-05,32.729424,0.30266204,2.1325517,5.018147,-0.052387215,-0.04380506,5.0,0.0,0.0,9.899283524049713,0.015068338197046451,0.010959945238040834,0.00034154385771210694,False
137,1735110165.848,5.0,0.99997944,-0.0055980296,-0.0031222522,-9.2108516e-05,32.9301,0.30065772,2.1308718,5.015597,-0.047857538,-0.04017953,5.0,0.0,0.0,9.897868693130084,0.014435165933579002,0.011429324386562724,0.00032247151886857024,False
138,1735110165.888,5.0,0.99998254,-0.0051364885,-0.0029177037,-8.471404e-05,33.130676,0.2988304,2.129339,5.0132065,-0.043554336,-0.03611667,4.91436093467161,-0.9214426752509268,0.0,10.306872701621076,2.900666491653984,-0.25706870747752203,0.007506566793193765,False
139,1735110165.928,5.0,0.9999686,0.0069707953,-0.0037690273,7.829668e-06,33.331154,0.29713705,2.1281054,5.0106497,-0.04270743,-0.024083583,4.905114715879726,-0.9197090092274487,0.3065696697424829,10.308626586772455,2.844739610597735,-0.25314841069933797,0.008344175990667854,False
140,1735110165.968,5.0,0.9989694,0.044844672,-0.0070089423,0.0002732986,33.531506,0.29514048,2.1274858,5.006362,-0.062475722,-0.0050417716,4.85071250072666,0.0,1.212678125181665,11.856540842278946,1.7963352929512175,-0.17657847051834316,0.0067183910079401605,False
141,1735110166.008,5.0,0.99514806,0.097681694,-0.011756224,0.0006019154,33.73161,0.29155478,2.1281345,4.9982123,-0.12467272,0.037852183,4.85071250072666,0.0,1.212678125181665,10.484628010134028,2.0315445515778183,-0.2939652179465549,0.02108186086969269,False
142,1735110166.048,5.0,0.98836344,0.1511178,-0.017325457,0.0009667023,33.93131,0.28458226,2.130206,4.985965,-0.23089637,0.061587702,4.85071250072666,-1.212678125181665,0.0,10.31680019618503,0.9083757966407823,-0.18227919775334636,0.020696581890969203,False
143,1735110166.088,5.0,0.98058265,0.19475241,-0.022965211,0.0013031454,34.13043,0.27258095,2.1327558,4.96948,-0.37454277,0.06248995,4.85071250072666,-1.212678125181665,0.0,10.1951251138426,-0.19535084756388935,-0.04863049360529043,0.017613364303026756,False
144,1735110166.128,5.0,0.97514707,0.21986511,-0.027300911,0.001479678,34.328815,0.2542863,2.1349673,4.9493456,-0.5430279,0.045738462,4.85071250072666,-1.212678125181665,0.0,10.127761517950608,-1.061766372281996,0.07823231489014108,0.01302010218965382,False
145,1735110166.168,5.0,0.9744206,0.22280717,-0.029314185,0.0014711018,34.52635,0.22901742,2.1363032,4.9268856,-0.7209698,0.021288252,4.84182026135042,-1.210455065337605,0.30261376633440124,10.411160059150058,-0.7343019890053785,-0.06596375668581006,0.02760737005857398,False
146,1735110166.208,5.0,0.9771928,0.21022776,-0.029942144,0.0013883465,34.72295,0.19662155,2.1368008,4.9028306,-0.89900917,0.008262046,4.772399890175149,-1.491374965679734,0.0,11.651863248617508,-2.047896717022259,0.2551846824141121,0.003736696488276095,False
147,1735110166.248,5.0,0.9822634,0.18525599,-0.028939165,0.0011827925,34.91855,0.15714036,2.1374025,4.877395,-1.0712427,0.022459174,4.772399890175149,-1.491374965679734,0.0,10.204043294422421,-0.8034024569315668,0.028663578938773786,0.015587680477831862,False
148,1735110166.288,5.0,0.9874112,0.15587187,-0.026874263,0.00093827763,35.113174,0.11135296,2.1384294,4.8543143,-1.2131256,0.027460482,4.772399890175149,-1.491374965679734,0.0,10.076403698463551,-0.53355942480172,0.031329157119196684,0.011671674101490377,False
149,1735110166.328,5.0,0.9908189,0.13280977,-0.025273632,0.0008235488,35.306923,0.06042906,2.139537,4.833322,-1.3296212,0.027526224,4.772399890175149,-1.491374965679734,0.0,9.990754944827778,-0.3573913099079544,0.044307581706596974,0.008200037563359549,False
150,1735110166.368,5.0,0.992662,0.11845001,-0.024312472,0.0008238126,35.49986,0.0052021425,2.140605,4.8135924,-1.4296509,0.025599452,4.772399890175149,-1.491374965679734,0.0,9.928142555483777,-0.3377563754898371,0.07230143392802517,0.0051920612481453025,False
151,1735110166.408,5.0,0.9936058,0.11042246,-0.023530878,0.00087353523,35.69202,-0.053818014,2.1415625,4.7946773,-1.5201976,0.021999523,4.772399890175149,-1.491374965679734,0.0,9.883696373062524,-0.442604469125545,0.10685651413330492,0.0027361124554836297,False
152,1735110166.448,5.0,0.9942504,0.10470813,-0.022393918,0.00093682215,35.883442,-0.11633973,2.142348,4.7765965,-1.605079,0.01711248,4.772399890175149,-1.491374965679734,0.0,9.854865447242206,-0.5987154489263324,0.13650598954322937,0.0007782144858888667,False
153,1735110166.488,5.0,0.99500084,0.0977173,-0.020583244,0.0009943469,36.074165,-0.18215716,2.1429226,4.7597303,-1.6848447,0.011584304,4.772399890175149,-1.491374965679734,0.0,9.838681372000236,-0.7332765569669755,0.15300493213461383,-0.0007655046079535311,False
154,1735110166.528,5.0,0.9960036,0.087460116,-0.01806931,0.0010242135,36.264244,-0.25103635,2.1432793,4.7445965,-1.7577603,0.006392013,4.772399890175149,-1.491374965679734,0.0,9.83115283930176,-0.7981692257703511,0.1534809753727175,-0.0019063728400318136,False
155,1735110166.568,5.0,0.997154,0.073861636,-0.015077889,0.0010130116,36.453762,-0.32265195,2.1434493,4.731639,-1.8212411,0.0023346548,4.85071250072666,-1.212678125181665,0.0,9.828237929909353,-0.7812175597354142,0.14046902382875945,-0.002642767753668251,False
156,1735110166.608,5.0,0.9982743,0.057518516,-0.011791457,0.0009628627,36.642807,-0.3965803,2.143487,4.7211018,-1.8730811,-9.0834736e-05,4.91436093467161,-0.9214426752509268,0.0,9.916535503285271,-2.525962806662352,0.5793002800258925,0.00021245662430281997,False
157,1735110166.688,5.0,0.99966526,-0.025511479,0.0041680657,0.0010871325,37.01999,-0.5489143,2.1452072,4.712605,-1.9134525,0.07222936,5.0,0.0,0.0,10.790773142145461,-4.305601262982885,0.6306069963486644,0.033322323441875024,False
158,1735110166.728,5.0,0.9941276,-0.10680378,0.01734186,0.0016162412,37.208637,-0.6245501,2.1490848,4.7218547,-1.8566723,0.11776652,5.0,0.0,0.0,10.662190837769128,-2.9892188567674673,0.41562845990836816,0.03510997518011057,False
159,1735110166.768,5.0,0.9805042,-0.19412097,0.030371426,0.0024681548,37.397884,-0.6964795,2.1542733,4.7420444,-1.7279882,0.13657886,5.0,0.0,0.0,10.519581057712754,-1.2771504937450056,0.15930393616340957,0.03210823181786598,False
160,1735110166.808,5.0,0.9636175,-0.26422366,0.04018998,0.0034451948,37.58812,-0.76195043,2.1595645,4.7708893,-1.5368454,0.12243486,5.0,0.0,0.0,10.409731691538468,0.3836017520227897,-0.0779954292246477,0.024459617281283125,False
161,1735110166.848,5.0,0.9520618,-0.30252185,0.045167614,0.0043364735,37.779617,-0.8189062,2.163678,4.8045845,-1.3066499,0.07953016,5.0,0.0,0.0,10.374371606103551,1.6128597649037915,-0.24829929302771947,0.014318099459130523,False
162,1735110166.888,5.0,0.9509641,-0.30593738,0.0452214,0.004962422,37.9725,-0.86630857,2.165753,4.8394933,-1.0632699,0.023663016,5.0,0.0,0.0,10.404012883722931,2.224013699375712,-0.32985287205954034,0.004594460222367855,False
163,1735110166.928,5.0,0.95892274,-0.28058648,0.041361265,0.0052544046,38.166756,-0.9040887,2.1656451,4.872802,-0.8287668,-0.026884647,5.0,0.0,0.0,10.450485453338551,2.2455212670227325,-0.32846742921261496,-0.0028508183922891905,False
164,1735110166.968,5.0,0.97068906,-0.2376935,0.035167933,0.005264437,38.362278,-0.932949,2.1638381,4.9025207,-0.6194976,-0.060108073,5.0,0.0,0.0,10.471316981982485,1.855740275013402,-0.26973887815795744,-0.007704439884168773,False
165,1735110167.008,5.0,0.9814158,-0.18971872,0.028350258,0.0051021846,38.558895,-0.9541168,2.161103,4.9274907,-0.44506565,-0.07358741,5.0,0.0,0.0,10.445394529868148,1.283382245005483,-0.18635826198096866,-0.010492150944403473,False
166,1735110167.048,5.0,0.98883855,-0.14722395,0.022352893,0.004870107,38.756413,-0.96904063,2.1581528,4.947579,-0.3068434,-0.071999505,5.0,0.0,0.0,10.382586581503272,0.7414106642583986,-0.10878355557174804,-0.011954592300751998,False
167,1735110167.088,5.0,0.99301344,-0.116524495,0.018027706,0.0046191597,38.954647,-0.97906786,2.1554503,4.9636083,-0.1987617,-0.062308196,5.0,0.0,0.0,10.30264422695126,0.37349564343019853,-0.0572533099165903,-0.012630739990945732,False
168,1735110167.128,5.0,0.99500346,-0.09853805,0.01547198,0.0043634973,39.15346,-0.9852117,2.1531997,4.976892,-0.11096636,-0.05015758,5.0,0.0,0.0,10.220804336700237,0.2243358612572673,-0.03750911876533999,-0.012854347828635185,False
169,1735110167.168,5.0,0.99581754,-0.09015632,0.014228873,0.0041056992,39.352776,-0.9880907,2.151426,4.9886518,-0.034199845,-0.03879666,5.0,0.0,0.0,10.146170833093864,0.2564053022955095,-0.0434767119737899,-0.012829101941814193,False
170,1735110167.208,5.0,0.99614656,-0.08655541,0.013616078,0.0038497157,39.552544,-0.9880132,2.1500683,4.999663,0.03750793,-0.02951663,5.0,0.0,0.0,10.08162793703719,0.3894654538327848,-0.06321301469869926,-0.012678121454560327,False
171,1735110167.248,5.0,0.9964382,-0.08323913,0.01300851,0.0035990844,39.752743,-0.985129,2.1490328,5.01017,0.10619131,-0.022616105,5.0,0.0,0.0,10.029999317806784,0.5375281873477349,-0.08423647134261118,-0.012441519707744486,False
172,1735110167.288,5.0,0.9969274,-0.0773311,0.0120166205,0.0033533713,39.95335,-0.97957003,2.148236,5.020024,0.17091721,-0.01742729,5.0,0.0,0.0,9.989233563509782,0.638333952489722,-0.09776543380836074,-0.012103139208422002,False
173,1735110167.328,5.0,0.997627,-0.06796746,0.010537297,0.003110476,40.15433,-0.97154075,2.147626,5.028883,0.22926186,-0.013182495,5.0,0.0,0.0,9.956579616845492,0.6650456703466718,-0.10028996558023848,-0.01163437342807824,False
174,1735110167.368,5.0,0.99840146,-0.055776734,0.008676289,0.002871334,40.355644,-0.9613477,2.1471765,5.0364103,0.2787419,-0.009316724,5.0,0.0,0.0,9.92967056235396,0.6205431383405619,-0.09262069086506772,-0.011036281529359255,False
175,1735110167.408,5.0,0.99907935,-0.042298198,0.0066610593,0.0026399242,40.557224,-0.9493813,2.1468797,5.0424013,0.31777418,-0.005541166,5.0,0.0,0.0,9.906371521087685,0.5283418533087377,-0.07842962220902214,-0.010340878401370438,False
176,1735110167.448,5.0,0.99955964,-0.029193468,0.004727626,0.0024203425,40.759014,-0.9360693,2.1467326,5.0468364,0.34608084,-0.0018389395,5.0,0.0,0.0,9.885542596725655,0.41843359521677587,-0.06215504825003358,-0.009592187377432036,False
177,1735110167.488,5.0,0.999836,-0.017711785,0.003046791,0.002215444,40.960953,-0.9218268,2.1467278,5.049851,0.3645223,0.0015233117,5.0,0.0,0.0,9.867380950188563,0.3161707101975355,-0.04738717510209451,-0.00883048044110059,False
178,1735110167.528,5.0,0.9999597,-0.008573473,0.0017117477,0.002027851,41.162987,-0.9070171,2.1468472,5.0516863,0.3747532,0.0043621375,5.0,0.0,0.0,9.85210458312174,0.23902121271599958,-0.03649335247686776,-0.008090495846435017,False
179,1735110167.568,5.0,0.9999964,-0.0017814994,0.0007134154,0.0018569584,41.365074,-0.89193016,2.147069,5.0526156,0.378699,0.0066208374,5.0,0.0,0.0,9.839580016093803,0.19140916390059035,-0.029922466157934365,-0.0073876639653519165,False
180,1735110167.608,5.0,0.99999356,0.0031553905,-2.5002108e-05,0.0017010195,41.56719,-0.8767821,2.1473696,5.052874,0.37805855,0.008319974,5.0,0.0,0.0,9.829541712850046,0.16754442985121248,-0.026682112074956268,-0.00672711553449379,False
181,1735110167.688,5.0,0.99994755,0.01008175,-0.0011021795,0.0014289998,41.971394,-0.8468944,2.1481261,5.0519633,0.36733863,0.0103246095,5.0,0.0,0.0,9.815452518319807,0.14855421160076002,-0.02380784627929072,-0.0055432644201370805,False
182,1735110167.728,5.0,0.9999128,0.013044974,-0.001575083,0.0013108442,42.17345,-0.83237493,2.148549,5.0509233,0.35824636,0.010771882,5.0,0.0,0.0,9.810739768585252,0.13565823392944115,-0.02167108702363757,-0.005022201013846438,False
183,1735110167.768,5.0,0.99987054,0.015917843,-0.0020334336,0.0012040545,42.37546,-0.81826514,2.148984,5.04952,0.34686914,0.010921144,5.0,0.0,0.0,9.8072071300119,0.11548258185138903,-0.01844236195811331,-0.004551689641767864,False
184,1735110167.808,5.0,0.9998228,0.0186293,-0.0024637787,0.0011075716,42.577408,-0.8046547,2.1494195,5.0477686,0.3332975,0.010820259,5.0,0.0,0.0,9.804618950957765,0.08921958922231198,-0.014364020598702417,-0.00413047206932704,False
185,1735110167.848,5.0,0.9997745,0.0210196,-0.0028416938,0.0010200975,42.779278,-0.7916282,2.1498468,5.0457,0.3177191,0.010511955,5.0,0.0,0.0,9.802784123941109,0.060173475284254804,-0.00995365665296066,-0.0037552165894964257,False
186,1735110167.888,5.0,0.9997312,0.022952156,-0.0031479127,0.00094009767,42.98106,-0.77925986,2.1502583,5.0433636,0.300443,0.01003874,5.0,0.0,0.0,9.801539029364335,0.03169153803280983,-0.005699717021529438,-0.0034203690314958315,False
187,1735110167.928,5.0,0.999698,0.024327511,-0.0033694042,0.0008671191,43.182743,-0.7676101,2.150648,5.0408196,0.28186837,0.009434266,5.0,0.0,0.0,9.800800883854867,0.006654528067069291,-0.0019956826924144603,-0.003123804159418892,False
188,1735110167.968,5.0,0.99967813,0.025113907,-0.0035030912,0.0008008271,43.384323,-0.7567217,2.151012,5.0381365,0.2624504,0.008741925,5.0,0.0,0.0,9.800442800534846,-0.013085051922236529,0.0009028972994167869,-0.002862749294743404,False
189,1735110168.008,5.0,0.99967206,0.025349494,-0.003555786,0.0007405949,43.585793,-0.7466193,2.151347,5.035381,0.24263802,0.008000996,5.0,0.0,0.0,9.800363524874253,-0.027038161564751716,0.0029563058876501533,-0.0026330638245696167,False
190,1735110168.048,5.0,0.9996775,0.02513812,-0.0035433404,0.0006853768,43.787155,-0.7373106,2.1516519,5.032609,0.22282524,0.007247014,5.0,0.0,0.0,9.800465771729518,-0.036075986837668474,0.0043098937113817985,-0.00242875135210062,False
191,1735110168.088,5.0,0.9996909,0.024607932,-0.0034845565,0.00063440314,43.988403,-0.7287892,2.1519268,5.0298653,0.20331134,0.0065057464,5.0,0.0,0.0,9.80067977361471,-0.041812232809191156,0.005206556964242429,-0.0022451779927566183,False
192,1735110168.128,5.0,0.9997091,0.023871342,-0.0033954643,0.00058740267,44.189545,-0.72103894,2.1521726,5.0271792,0.18430017,0.005793855,5.0,0.0,0.0,9.800959561923966,-0.045799168250703126,0.0058696952291894785,-0.0020799979766133146,False
193,1735110168.168,5.0,0.9997296,0.023014357,-0.0032880374,0.0005438628,44.39058,-0.7140368,2.1523907,5.024569,0.16591729,0.005121019,5.0,0.0,0.0,9.80127669008698,-0.04925285940190162,0.0064740345237284174,-0.0019302067930807322,False
194,1735110168.208,5.0,0.999751,0.022084532,-0.0031686279,0.0005034469,44.59151,-0.70775616,2.152583,5.022047,0.14823595,0.0044921455,5.0,0.0,0.0,9.801617618770155,-0.05277250465036853,0.0070835999496839455,-0.0017935612902214531,False
195,1735110168.248,5.0,0.9997727,0.021096682,-0.0030389342,0.00046599374,44.792343,-0.7021679,2.1527507,5.0196214,0.13130566,0.0039098947,5.0,0.0,0.0,9.801969631085878,-0.05636426354359178,0.007694808351527309,-0.0016688105741919754,False
196,1735110168.288,5.0,0.9997947,0.020049404,-0.0028986416,0.00043118012,44.99308,-0.6972411,2.1528964,5.0173006,0.115171865,0.0033755307,5.0,0.0,0.0,9.802328492725854,-0.0597016186635778,0.00825524014035384,-0.0015540777948316133,False
197,1735110168.328,5.0,0.99981683,0.018935101,-0.002746746,0.00039885292,45.19373,-0.6929429,2.1530216,5.0150933,0.09988423,0.0028901543,5.0,0.0,0.0,9.802685192423125,-0.062314238953142746,0.008695675324104228,-0.0014482425145217039,False
198,1735110168.368,5.0,0.999839,0.01775321,-0.0025834416,0.00036879483,45.39429,-0.68923837,2.1531281,5.013008,0.08549631,0.0024538431,5.0,0.0,0.0,9.803034529033736,-0.06384545458347082,0.00896715295913285,-0.0013500060142198902,False
199,1735110168.408,5.0,0.99986064,0.016514285,-0.0024105934,0.0003407832,45.594772,-0.6860905,2.1532185,5.0110545,0.07205779,0.0020660535,5.0,0.0,0.0,9.803370905519671,-0.06416137676796764,0.009060926882692139,-0.0012581889062495562,False
200,1735110168.448,5.0,0.9998813,0.015238269,-0.0022313853,0.00031460673,45.795177,-0.6834606,2.153294,5.0092382,0.059606202,0.0017247436,5.0,0.0,0.0,9.803692563263871,-0.06335029854515901,0.008982162618423294,-0.0011716661421336434,False
201,1735110168.488,5.0,0.9999006,0.013949746,-0.0020495274,0.00029018184,45.995514,-0.6813086,2.153357,5.007563,0.048161197,0.0014280616,5.0,0.0,0.0,9.803993377731445,-0.061636333342123026,0.008771276552197258,-0.0010900431654956573,False
202,1735110168.528,5.0,0.9999179,0.012672352,-0.001868523,0.00026743388,46.195786,-0.6795942,2.153409,5.00603,0.037723295,0.0011724454,5.0,0.0,0.0,9.8042736273221,-0.059286475359704965,0.008467567771076389,-0.0010130251468302028,False
203,1735110168.568,5.0,0.99993324,0.011426338,-0.0016913424,0.00024628922,46.395996,-0.67827755,2.1534514,5.004637,0.028275695,0.00095447426,5.0,0.0,0.0,9.804531529612678,-0.05655546665277757,0.008107720236317357,-0.000940397699019133,False
204,1735110168.608,5.0,0.9999504,0.009828042,-0.0015946655,0.00022419228,46.596157,-0.67732245,2.15364,5.003302,0.019368697,0.023082808,4.877686086797539,0.6097107608496923,0.9145661412745385,14.80705658838101,-1.4167725985074775,-0.24782747126961288,-0.00339783127070818,False
205,1735110168.688,5.0,0.99980265,-0.01867575,-0.006772953,1.7603454e-05,46.996204,-0.67607915,2.166887,4.9959297,0.021787003,0.3327501,4.772399890175149,1.491374965679734,0.0,9.98984540496419,-4.669057566147152,-0.6901413556412214,-0.043251911292132364,False
206,1735110168.728,5.0,0.997862,-0.06365897,-0.014786842,-0.00061490963,47.19587,-0.67462367,2.181938,4.986235,0.05740237,0.4100438,4.763930673403309,1.4887283354385341,0.29774566708770683,11.062339305535154,-3.4492427216401595,-0.4946558892461168,-0.03440087583543025,False
207,1735110168.768,5.0,0.99044967,-0.13538258,-0.026035544,-0.0017640735,47.39499,-0.6707768,2.1993823,4.9680133,0.14619711,0.46179762,4.763930673403309,0.29774566708770683,1.4887283354385341,14.50712755777348,1.1403504247674956,0.06482515305550622,-0.004404176409253423,False
208,1735110168.808,5.0,0.97961724,-0.19769864,-0.035473444,-0.0026390867,47.59312,-0.6617305,2.2196276,4.936349,0.32080758,0.55874527,4.763930673403309,0.29774566708770683,1.4887283354385341,15.688580260632357,3.4218468017741492,0.2304614623397979,-0.0073893218230472015,False
209,1735110168.848,5.0,0.9769523,-0.20986228,-0.038933635,-0.002477223,47.78974,-0.6441768,2.2447636,4.893112,0.5638392,0.7075291,4.681645887845223,0.0,1.7556172079419585,16.743414383964723,4.710713498089109,0.22178093372577584,-0.014860631341430366,False
210,1735110168.888,5.0,0.9861608,-0.16159353,-0.037057262,-0.0010709692,47.9845,-0.61661947,2.277047,4.8445597,0.8069892,0.91811085,4.673649902695888,0.292103118918493,1.752618713510958,17.48788673974938,4.2317619791143875,0.07555439794980029,-0.018144065763812292,False
211,1735110168.928,5.0,0.99682164,-0.0725098,-0.032974243,0.0012848605,48.177315,-0.58070946,2.31908,4.7968364,0.96893984,1.190364,4.5807866745109465,0.0,2.004094170098539,16.579094484216686,2.9276972167026156,0.0135805407803003,-0.014856480392146014,False
212,1735110168.968,5.0,0.99927205,0.02392494,-0.029468527,0.0038101897,48.368324,-0.54086906,2.3724065,4.7546287,1.0010366,1.4732475,4.47213595499958,0.0,2.23606797749979,15.326830796912889,0.7180609193760049,-0.054475048921099216,-0.011578784736511352,False
213,1735110169.008,5.0,0.99484944,0.09731122,-0.02780747,0.0056467694,48.557766,-0.50215703,2.4364235,4.7184443,0.9197548,1.7184459,4.47213595499958,0.0,2.23606797749979,14.246110858842657,-0.7491306107645401,-0.0755502873060543,-0.00934094437060773,False
214,1735110169.048,5.0,0.99105984,0.13026872,-0.028126309,0.006276911,48.74585,-0.46806833,2.5091484,4.6860123,0.77935326,1.9113424,4.573295603800236,0.2858309752375148,2.000816826662603,14.734732079037364,-1.0471981598702769,-0.2219044626727324,-0.0010232985525589636,False
215,1735110169.088,5.0,0.99146456,0.12670022,-0.030192433,0.0057850573,48.93264,-0.43997356,2.5891166,4.6536765,0.6288804,2.0767343,4.47213595499958,0.0,2.23606797749979,11.100290241968503,-2.43563337397214,0.14446489782285188,-0.011450365292629699,False
216,1735110169.128,5.0,0.99482787,0.09633397,-0.031889368,0.004515054,49.11818,-0.4172107,2.6741834,4.6234865,0.5166793,2.1673446,4.772399890175149,0.0,1.491374965679734,10.697229442260864,-0.3967790058804974,0.3255366545939018,-0.017102583178835073,False
217,1735110169.178,5.0,0.99813783,0.05377563,-0.028642137,0.0029391604,49.348484,-0.3936383,2.784033,4.591155,0.43833178,2.1954284,4.990262892414442,0.0,0.31189143077590264,4.206347761744472,2.6451927389769785,2.223713887743197,-0.11902276338429316,False
218,1735110169.248,5.0,0.9947369,0.09563236,0.03672083,-0.0021335373,49.669304,-0.36450344,2.9283264,4.5835185,0.3936329,1.8910664,5.0,0.0,0.0,2.0862443164081554,7.054278478506826,4.8465108822022005,-0.7757611804731906,False
219,1735110169.288,5.0,0.9690204,0.20261937,0.14059283,-0.013358699,49.852993,-0.34943038,2.998749,4.6027346,0.35967135,1.6151752,5.0,0.0,0.0,2.480367264682921,2.7898353908776117,1.9367436334018588,-0.33495542892297536,False
220,1735110169.328,5.0,0.91168433,0.32816768,0.24590582,-0.025845632,50.037746,-0.33596683,3.0570726,4.6412053,0.3048125,1.3043905,5.0,0.0,0.0,3.107341909735371,-1.9460925368575575,-1.6628115952873805,-0.05534867918674469,False
221,1735110169.368,5.0,0.8407906,0.4316848,0.3249397,-0.03366776,50.22493,-0.32596204,3.1032803,4.725701,0.1838058,1.004766,5.0,0.0,0.0,3.864893923124727,-5.919430721094398,-4.801691094262387,0.09406626839738644,False
222,1735110169.418,5.0,0.78683645,0.49036384,0.37310964,-0.03494171,50.464977,-0.32222918,3.143628,4.8830204,-0.04425014,0.6035675,5.0,0.0,0.0,5.259674136205441,-8.860947961546326,-7.258012531769232,0.15964987644233072,False
223,1735110169.488,5.0,0.8534235,0.40797782,0.32295087,-0.030416535,50.815685,-0.33795142,3.166142,5.1390896,-0.40406173,0.058597937,5.0,0.0,0.0,7.7976697697151565,-8.712634321361021,-7.229549312877671,0.12240208415716186,False
224,1735110169.528,5.0,0.9390363,0.26651415,0.2156092,-0.026338903,51.023933,-0.3577204,3.1636877,5.268735,-0.5771323,-0.1648246,5.0,0.0,0.0,9.053524003281629,-6.563720408146394,-5.397872518867423,0.08592182090287522,False
225,1735110169.568,5.0,0.99418575,0.080826,0.0678681,-0.021350125,51.236576,-0.3832587,3.154482,5.3520923,-0.6845409,-0.2756017,4.9613893835683385,0.6201736729460423,0.0,10.37201146128938,-5.242791020067703,-2.766784673363092,0.004288776222110827,False
226,1735110169.608,5.0,0.9929044,-0.09720543,-0.065930225,-0.01857825,51.450924,-0.4108901,3.1429358,5.348402,-0.67334086,-0.28753114,4.980582450917523,0.3112864031823452,0.3112864031823452,13.31114937892371,0.40184649416791507,0.2521551443508955,0.05770314074402123,False
227,1735110169.688,5.0,0.95492756,-0.25026548,-0.15792592,-0.023237707,51.870575,-0.4520004,3.1221511,5.1211042,-0.31498492,-0.26194224,4.951875684721384,0.618984460590173,0.3094922302950865,10.921385731632162,1.0440044095931067,2.2142699235270653,0.13621252510819262,False
228,1735110169.728,5.0,0.96083814,-0.24214509,-0.13198805,-0.027111597,52.072975,-0.46033365,3.111102,5.002446,-0.10229229,-0.28811267,4.923659639173309,0.6154574548966636,0.6154574548966636,12.296286521641855,2.4886438323191644,2.274478217747757,0.14293328793922186,False
229,1735110169.768,5.0,0.97385126,-0.2086082,-0.08441157,-0.0311616,52.27112,-0.46023613,3.099681,4.91119,0.10318596,-0.277582,4.905114715879726,0.9197090092274487,0.3065696697424829,11.293120110057208,0.3303689520430419,1.089866622949233,0.14788376330281477,False
230,1735110169.808,5.0,0.98407924,-0.17049377,-0.036252845,-0.03472169,52.466465,-0.45255753,3.0891395,4.86322,0.27564925,-0.24484442,4.681645887845223,1.7556172079419585,0.0,11.4990705356984,-0.858709735905627,-0.02886307349037841,0.12086137274825144,False
231,1735110169.848,5.0,0.98816264,-0.14888854,-0.0043801633,-0.03671019,52.660667,-0.4385595,3.0803037,4.851547,0.4209062,-0.19544923,4.763930673403309,1.4887283354385341,0.29774566708770683,11.658386502745467,-1.8153091053629868,-0.9462256101247241,0.07922455188722882,False
232,1735110169.888,5.0,0.98726505,-0.1549188,0.0033546218,-0.03600796,52.85484,-0.41889426,3.0738285,4.858759,0.57108396,-0.1041218,4.573295603800236,0.2858309752375148,2.000816826662603,20.77989586067238,3.3043451022573676,-0.5741169517889368,0.1275334838204948,False
233,1735110169.928,5.0,0.9867316,-0.15892673,-0.007815932,-0.032279752,53.049355,-0.39183223,3.0746355,4.864619,0.7872565,0.15677677,0.5,0.0,0.25,11.075187383869954,4.317926915201192,-2.3206255006311896,0.07314702349271347,False
234,1735110169.968,5.0,0.99123365,-0.12529024,-0.03294925,-0.02593356,53.243713,-0.35677364,3.0843678,4.84888,0.9520307,0.30633014,0.5,0.0,0.25,10.76723457774552,4.2825140088142275,-2.796779817431615,0.06451168064760887,False
235,1735110170.008,5.0,0.9955956,-0.053732295,-0.07491903,-0.017013725,53.43685,-0.31668723,3.0981026,4.8018947,1.0396631,0.37382132,0.5,0.0,0.25,10.843136736447503,3.2902983262913286,-2.7891916802812515,0.08308715707629953,False
236,1735110170.048,5.0,0.99106485,0.03326297,-0.12899756,-0.0066058827,53.6273,-0.27463406,3.1139412,4.7129807,1.0500287,0.41449586,0.5,0.0,0.25,10.664777093225943,1.8271310521462039,-1.8242061513500851,0.10210996207693926,False
237,1735110170.088,5.0,0.9768544,0.10927262,-0.18386452,0.0029655476,53.81329,-0.233656,3.1308987,4.5794377,0.98818344,0.42806712,0.5,0.0,0.25,10.54594624374528,0.32461070949936727,-0.7727649828795725,0.10740771257781054,False
238,1735110170.128,5.0,0.96111906,0.15754095,-0.22658512,0.00949834,53.99317,-0.19626845,3.1477437,4.409856,0.8748479,0.40906775,4.772399890175149,1.491374965679734,0.0,10.53094447766113,-0.8306469006278141,0.11714545934542342,0.10273182439645502,False
239,1735110170.168,5.0,0.9532948,0.1710387,-0.2486817,0.011494153,54.16582,-0.16396129,3.163234,4.2238393,0.7415321,0.3562813,4.772399890175149,1.491374965679734,0.0,8.6176690525961,-6.477374566805586,2.955780782856354,0.1236186298452276,False
240,1735110170.208,5.0,0.963062,0.1266236,-0.237617,0.0040230197,54.331326,-0.13660388,3.1756754,4.053724,0.632504,0.2654554,4.681645887845223,1.7556172079419585,0.0,9.424202352553866,-6.819105083752535,2.6515443697754275,0.1709100023779844,False
241,1735110170.248,5.0,0.9809707,0.019908989,-0.19262019,-0.01405696,54.490314,-0.11263707,3.184826,3.8995197,0.57849836,0.19837978,4.5807866745109465,2.004094170098539,0.0,9.818215043773643,-4.99410420051213,1.8341810504135703,0.16648859173871017,False
242,1735110170.288,5.0,0.98390144,-0.115004525,-0.1318499,-0.0364349,54.64375,-0.08907251,3.1919675,3.7795956,0.6171429,0.16184348,0.5,0.0,0.25,11.11198818013357,3.4231580988648203,-1.4304227949958985,0.06344692572755886,False
243,1735110170.328,5.0,0.9724442,-0.20889217,-0.09013513,-0.05091199,54.793247,-0.061900068,3.197995,3.7006373,0.7558499,0.14231764,0.5,0.0,0.25,11.317931782337178,5.774390179036819,-2.116170679420571,0.06428915012198937,False
244,1735110170.368,5.0,0.9730201,-0.20502177,-0.094246246,-0.048121117,54.93999,-0.02795836,3.2035513,3.6353815,0.9419848,0.13844389,0.5,0.0,0.25,11.530130060698005,6.293882720000177,-2.00015736701001,0.07004642735099845,False
245,1735110170.408,5.0,0.98384774,-0.11510932,-0.13360886,-0.030694272,55.083706,0.012960162,3.2094023,3.5429566,1.0914099,0.15869132,0.5,0.0,0.25,11.634652989036324,5.0593660592822545,-1.32131921768752,0.06627987094836252,False
246,1735110170.448,5.0,0.9830649,0.0162373,-0.18242821,-0.006301246,55.22276,0.05798198,3.216497,3.401492,1.1395103,0.19663417,0.5,0.0,0.25,11.594860175570995,2.767564323305373,-0.4631782772858471,0.05466373034484824,False
247,1735110170.488,5.0,0.9657582,0.13807152,-0.21898928,0.017059945,55.35529,0.10248679,3.2249327,3.2204077,1.0668226,0.22019012,0.5,0.0,0.25,11.49110511085202,0.3023549225228596,0.2559543621831766,0.042245663408710686,False
248,1735110170.528,5.0,0.9469895,0.21602187,-0.23540449,0.033619244,55.480183,0.14208782,3.233635,3.0234866,0.9017338,0.20929557,0.5,0.0,0.25,11.459088795436955,-1.5975986473634793,0.6633747372957643,0.030503989859576225,False
249,1735110170.568,5.0,0.9409737,0.24026337,-0.23489554,0.040817555,55.59718,0.1740367,3.2413604,2.8270917,0.6922613,0.1751978,5.0,0.0,0.0,11.515643053032072,-2.5566821984444266,0.7375051334362223,0.02018982897383304,False
250,1735110170.608,5.0,0.9489806,0.21905118,-0.22340503,0.039275575,55.70646,0.19749548,3.2476306,2.6408095,0.48669168,0.1351088,5.0,0.0,0.0,9.518397531890749,-2.050398748879835,2.923648093743831,-0.15490457552677467,False
251,1735110170.688,5.0,0.9812692,0.12264987,-0.14575626,0.02868731,55.905598,0.22432521,3.2541173,2.3582778,0.2124785,0.035560466,5.0,0.0,0.0,9.805669350864644,-0.9243749900643387,1.3720944309588603,-0.09772831048794381,False
252,1735110170.728,5.0,0.9917789,0.08155015,-0.09509574,0.026095347,55.998005,0.23111632,3.2550344,2.2683182,0.1323329,0.013471132,5.0,0.0,0.0,9.87525918944113,-0.3409438867465333,0.35244046033228066,-0.0837697985059523,False
253,1735110170.768,5.0,0.9963984,0.056016702,-0.058491543,0.025121078,56.0875,0.23525982,3.2553864,2.2109947,0.07819262,0.005723799,5.0,0.0,0.0,9.892166817713376,0.009657400925430678,-0.38343860856533935,-0.0786878683489896,False
254,1735110170.808,5.0,0.9977482,0.045507018,-0.042885497,0.024259761,56.17515,0.23755898,3.2555733,2.1734867,0.03815948,0.004159331,5.0,0.0,0.0,9.885887485273217,0.1051001998999403,-0.6949714386703425,-0.07561050559138698,False
255,1735110170.848,5.0,0.99764496,0.045325376,-0.046189703,0.022728855,56.261436,0.2383624,3.2557366,2.1402202,0.002019391,0.0039841225,5.0,0.0,0.0,9.874600975213081,0.008290198613712435,-0.6238062161796286,-0.07091290698450826,False
256,1735110170.898,5.0,0.9964481,0.050345864,-0.06442257,0.02015322,56.367203,0.23728107,3.255902,2.087407,-0.04614909,0.0021520113,5.0,0.0,0.0,9.868770210471162,-0.23234293983108015,-0.248558697046283,-0.06300293782740816,False
257,1735110170.968,5.0,0.9947603,0.05128638,-0.086855344,0.016670607,56.50984,0.23149237,3.255816,1.9827217,-0.11950537,-0.0054011233,5.0,0.0,0.0,9.889939707188404,-0.49297209899830563,0.21592416237236733,-0.05205922793291543,False
258,1735110171.008,5.0,0.99542546,0.03631348,-0.08737613,0.013225956,56.66289,0.21885553,3.2549834,1.8433818,-0.19239733,-0.014611504,5.0,0.0,0.0,9.932103702815656,-0.4753738325591732,0.23653500586210208,-0.042383411372523376,False
259,1735110171.048,5.0,0.99542546,0.03631348,-0.08737613,0.013225956,56.66289,0.21885553,3.2549834,1.8433818,-0.19239733,-0.014611504,5.0,0.0,0.0,9.932103702815656,-0.4753738325591732,0.23653500586210208,-0.042383411372523376,False
260,1735110171.088,5.0,0.9962931,0.025534146,-0.081321165,0.011613298,56.735283,0.21062496,3.254352,1.7769499,-0.21769063,-0.016609553,5.0,0.0,0.0,9.897791145708453,-0.3692271636114242,0.4773873204746685,-0.04121460538902746,False
261,1735110171.128,5.0,0.99704653,0.015250758,-0.07458616,0.010127494,56.805115,0.20155546,3.2536705,1.7154466,-0.23439509,-0.017474411,5.0,0.0,0.0,9.854299165837983,-0.24717959771551237,0.999069134573438,-0.03956617125195264,False
262,1735110171.168,5.0,0.99782866,0.0069060647,-0.0648995,0.008851545,56.8726,0.19197509,3.2529502,1.6602006,-0.24349883,-0.01855457,5.0,0.0,0.0,9.856230270933134,-0.1467837832902931,1.4759811886828975,-0.03540218504057199,False
263,1735110171.208,5.0,0.99881065,0.0010351321,-0.04811612,0.0078102215,56.938065,0.18215239,3.2521946,1.6151536,-0.2468402,-0.018980747,5.0,0.0,0.0,9.900983980578019,-0.08299472617073855,1.8180102446629043,-0.030006227439028782,False
264,1735110171.248,5.0,0.9997277,-0.0025810217,-0.022118626,0.0069716536,57.002037,0.17227933,3.251462,1.5868088,-0.24630855,-0.017200701,5.0,0.0,0.0,9.981149908356365,-0.05523485350342468,1.9765397555163573,-0.02456053668269523,False
265,1735110171.288,5.0,0.99989533,-0.0045926804,0.012199975,0.0062731407,57.06533,0.16247901,3.250861,1.5824027,-0.24340895,-0.012361151,5.0,0.0,0.0,10.091181108179141,-0.05309478126197794,1.962876423131866,-0.019699824255447345,False
266,1735110171.328,5.0,0.99863654,-0.0057848054,0.051571425,0.00565857,57.12903,0.15282552,3.2505093,1.6077317,-0.23907328,-0.00491016,5.0,0.0,0.0,10.230332609759113,-0.06225966941760592,1.833312316112334,-0.015480671840124763,False
267,1735110171.368,5.0,0.9957227,-0.0068021715,0.09199939,0.0051170373,57.194386,0.14336714,3.250487,1.6658427,-0.23367521,0.0039281175,5.0,0.0,0.0,10.399992662210133,-0.07009925883797984,1.656539781309043,-0.011690787774084785,False
268,1735110171.408,5.0,0.9914442,-0.008004045,0.13020177,0.0046793465,57.262733,0.13414589,3.2508223,1.7568891,-0.22719344,0.012641992,5.0,0.0,0.0,10.601230734602932,-0.06885197164799005,1.4869456822326375,-0.00814034425155961,False
269,1735110171.448,5.0,0.986304,-0.009442979,0.16460946,0.0043643666,57.335354,0.12520866,3.2514787,1.879017,-0.21943732,0.019922571,5.0,0.0,0.0,10.675915654976514,-0.06145912303898003,1.045387061847445,-0.0061112766743288294,False
270,1735110171.488,5.0,0.98086494,-0.010965886,0.19433577,0.004168388,57.41343,0.11660981,3.2523768,2.0290651,-0.21027592,0.023996636,5.0,0.0,0.0,10.64974330006424,-0.049034983428727044,0.4529255913531457,-0.005507484132897249,False
271,1735110171.528,5.0,0.9762073,-0.012367914,0.21644782,0.0040762485,57.497967,0.108403824,3.253301,2.2007039,-0.1998241,0.02097889,5.0,0.0,0.0,10.65531924472876,-0.0316927239959486,-0.0013954451448589021,-0.005218908347027001,False
272,1735110171.568,5.0,0.9734131,-0.013497653,0.22862256,0.0040637217,57.589672,0.10063834,3.2539744,2.3861368,-0.18829016,0.01198621,5.0,0.0,0.0,10.690088403667003,-0.013015665941822439,-0.2663915025542115,-0.005013730761436576,False
273,1735110171.608,5.0,0.9728072,-0.01425878,0.23114066,0.004102939,57.68894,0.093351595,3.2542324,2.577584,-0.1759347,0.0009224122,5.0,0.0,0.0,10.737905315462086,0.0038431824182773946,-0.33891672038220627,-0.004778488849600035,False
274,1735110171.688,5.0,0.97553957,-0.014609904,0.21929817,0.0041749743,57.910378,0.08030929,3.253617,2.9556057,-0.14999357,-0.013762649,5.0,0.0,0.0,10.809816818980046,0.024831957966234663,-0.1267837629978501,-0.004214807824726722,False
275,1735110171.728,5.0,0.9770945,-0.014322846,0.21228312,0.004132007,58.03225,0.07456976,3.253029,3.1371698,-0.1370187,-0.014988177,5.0,0.0,0.0,10.820708872736374,0.028998740677737334,0.01075718378396285,-0.003927991815066899,False
276,1735110171.768,5.0,0.97801095,-0.013846447,0.20805477,0.004011403,58.161293,0.06934349,3.252458,3.31453,-0.12436345,-0.013203719,5.0,0.0,0.0,10.817308228867821,0.03016333189836219,0.0993458795703716,-0.0036291655451771874,False
277,1735110171.808,5.0,0.9782075,-0.01327307,0.20716947,0.0038262892,58.297386,0.06461436,3.2519886,3.4899728,-0.11217966,-0.01021552,5.0,0.0,0.0,10.807554716963518,0.029919428140120406,0.12220317116110747,-0.00333638134368797,False
278,1735110171.848,5.0,0.97787124,-0.012673977,0.20879233,0.0036054635,58.440495,0.060361892,3.2516367,3.6657493,-0.100536026,-0.0075133955,5.0,0.0,0.0,10.798091471767117,0.029690441281414712,0.09336970417517883,-0.0030552110813210145,False
279,1735110171.888,5.0,0.9773019,-0.012085703,0.21147934,0.0033778641,58.590668,0.05656413,3.2513726,3.8432426,-0.08944294,-0.00590861,5.0,0.0,0.0,10.792880335211871,0.030306352967801393,0.04058624527687406,-0.002790867877102541,False
280,1735110171.928,5.0,0.9767813,-0.011512141,0.21390606,0.0031621722,58.747982,0.053199317,3.251148,4.02276,-0.078885436,-0.0055064806,5.0,0.0,0.0,10.792810295010453,0.03189886830106717,-0.009341107420697978,-0.0025470430442386164,False
281,1735110171.968,5.0,0.9764795,-0.010936765,0.21531254,0.0029637439,58.91251,0.05024633,3.250921,4.203801,-0.06885094,-0.0059253857,5.0,0.0,0.0,10.7965184555212,0.0340723210093495,-0.04012817164753387,-0.0023252552877431176,False
282,1735110172.008,5.0,0.9764397,-0.010335765,0.21552481,0.0027787518,59.084297,0.047684204,3.2506704,4.3855057,-0.05934509,-0.0065962267,5.0,0.0,0.0,10.801586475132188,0.036177692838317344,-0.04700872733087709,-0.002127021289552334,False
283,1735110172.048,5.0,0.9765948,-0.009692344,0.21485308,0.0025988359,59.263348,0.04549133,3.2503967,4.5670586,-0.050394077,-0.007025075,5.0,0.0,0.0,10.72354931614385,0.036186489875752965,-0.2058467838510768,-0.002573113290982682,False
284,1735110172.098,5.0,0.977012,-0.008829347,0.21298836,0.0023726837,59.497345,0.043233853,3.2500198,4.7920303,-0.04008364,-0.008790312,5.0,0.0,0.0,10.481264384659388,0.03238031604556437,-0.7629584555205913,-0.0042835660944337385,False
285,1735110172.168,5.0,0.9798046,-0.007621569,0.19980109,0.0020966725,59.843452,0.04088019,3.2490342,5.0925393,-0.02752603,-0.020990495,5.0,0.0,0.0,10.273279912929317,0.028037859394581453,-1.3437710808887735,-0.00596021234668711,False
